name,movie,drama
Doodoong Pictures,True,True
Onu Film,True,False
Bandai Namco Arts,True,False
HODU&U Pictures,True,True
BRB Internacional,True,True
M3 Entertainment,True,False
BA Entertainment,True,True
Se Jong Films,True,False
Connect Pictures,True,False
Studio Pieona,True,False
Say On Media,False,True
Soul Film (KR),True,False
Pixef,False,True
KTB Capital,True,False
Acemaker Movieworks,True,True
Hung Chi Enterprises,True,False
Kunst Halle Sankt Gallen,True,False
Hwang Gi-seong Inc.,True,False
Korea National Opera,True,False
50/50 Films DC,True,False
Film Dabin,True,False
"Line Communications.,Inc.",True,False
Shinyoung E&C Group,False,True
Dice Film,True,False
iHQ,True,True
Ahnsworld,True,False
Armageddon Production Committee,True,False
CGNTV,True,False
Softbank Ventures,True,False
THE SHOOT media,True,False
Focus Features,True,False
Cinerock Pictures,True,False
Contents On Media,True,False
Channel A,False,True
Dukyoung Production,True,False
FilmZ,True,False
Studio & New,True,True
UNU,False,True
iMBC,True,True
Youth Film Studio of Beijing Film Academy,True,False
Warner Bros. Television,False,True
KTB Network,True,False
Joseon movie,True,False
CM PICTURES,True,False
Mygenomebox Studio,True,False
Dae Ryuk Kinema Co.,True,False
Sonamu Pictures,True,False
Sung-Il Cinemart,True,False
Roh Hoe-chan Foundation,True,False
Bomnae Films,True,False
Geumkang Cinema,True,False
MYSTIC STORY,True,True
Water in Tree Pictures,True,False
Dooson Cinema,True,False
East Dream Synopex,True,False
青春年华（北京）文化传媒有限公司,True,False
RED DOOR STUDIO,False,True
National Union of Mediaworkers,True,False
Actor's Ville,True,False
Studio K,False,True
파파스필름,True,False
Miracin Korea,True,False
Digital Dream Studios,True,False
S.K.C.,True,False
Kidari Studio,True,False
SVA MFA Computer Arts,True,False
Goryeo Kinema,True,False
Tin House Productions,True,False
Lawrence Bender Productions,True,False
M&CF,True,False
Diaphana Edition Video,True,False
IMTV,True,True
골든타이드픽처스,True,False
nds5317,True,False
Y NOT Studios,False,True
KP and SHOW,False,True
TimeStory Group,True,False
Hanhwa Venture Capital,True,False
BOOKCUBE,False,True
Lian Entertainment,True,True
Young Hwa Film,True,False
Jiwon Choi,True,False
Yeo Reum Dal,True,False
Wysiwyg Studios,True,True
Korea Story,True,False
Toilet Pictures,True,False
(주) 씨네코뮨,True,False
"Yun Bang Films Co., Ltd.",True,False
Broccoli Pictures,True,False
Corea Entertainment,True,False
아이돌로맨스,False,True
The LAMP,True,True
Little Wave Productions,True,False
Apple,True,False
Taewon Entertainment,True,True
Studio Comet,False,True
Ulsan MBC,True,False
Toyou's Dream,True,False
TVING,True,True
Directors Guild of Korea,True,True
Wind Up Film,True,False
Ltd. MBC,True,False
DCG Plus,True,False
Matchbox,True,False
Woojeong Film,True,False
Chung-Kang College of Cultural Industries,True,False
Dexter Studios,True,True
RG Enterworks,True,False
(주)영화사히트,True,False
Daemyung Culture Factory,True,False
Moonlight Film,True,True
Timewise Investment,True,False
Central Park Films,True,False
ABJ_COMPANY,False,True
Box Media,False,True
(주)가온콘텐츠,True,False
Anglee the Filmmaker,True,False
The Weinstein Company,True,False
GENIE MUSIC,True,False
Ilshin Capital Investments,True,False
Whynot Media,True,True
몽작소,False,True
영화사 다,True,False
Dart Film & Video,True,False
image9comms,False,True
Nice Ninja,True,False
Incheon Film Commission,True,False
Cinema Service,True,False
Booyoung Entertainment,True,False
Eunyoung Film,True,False
Art Service,True,False
Nabi Pictures,True,False
Pledis Entertainment,True,True
Muju Film Festival,True,False
NOWFILM,True,False
Urban Works,False,True
Next Entertainment World,True,True
Tiger Pictures,True,False
Korea Films,True,False
Kilandeun film,True,False
Chun-woo Movie,True,False
The Pictures with a View,True,False
Taehung Pictures,True,False
Noori Pictures,True,False
Owl Pictures,True,False
"Hyunjin Film Co., Ltd.",True,False
Cineraga Pictures,True,False
BK Pictures,True,False
TAKEONE STUDIO,True,False
Lezhin Entertainment,True,False
(주)픽쳐레스크,True,False
Namil Film History,True,False
"Gyeong Yang Films Co., Ltd",True,False
Studio 오후출근,True,False
Toei Animation,True,False
트릭스터,True,False
Moho Film,True,False
EMK Musical Company,True,False
Zhao Wei Films,True,False
Secondwind Film,True,False
CMG Chorokstars,False,True
Cartoon Network Studios,True,False
Red Q,True,True
Contents G,True,False
GoAndGo Film,True,False
Dong Seo Films,True,False
Banddo Films,True,False
Nara International Film Festival,True,False
Seoul Movie,True,True
Tae Chang Enterprises,True,False
TAKE2,False,True
Jia's Motion Picture (H.K.) Co.,True,False
Ministry of Unification,True,False
Studio Toyou,True,False
Moviengine,True,False
IMM Venture Capital,True,False
Youth Film,False,True
블루블랙(주),True,False
Bridge Works,True,False
INSTER Invent Stone copr.,True,False
한국독립애니메이션협회,True,False
Koryo Film Association,True,False
KM Culture,True,False
Sidney Kimmel Entertainment,True,False
Jinju Namhyang Kinemasa,True,False
Dolby illustration,True,False
tvN Story,False,True
Studio Dragon,True,True
BETTY & Creators,False,True
Content Zio,True,False
(주)에스비엠엔이,True,False
IFD Films & Arts Ltd.,True,False
Yeonhwa Film Corporation,True,False
Full Film,True,False
CREAHUB,False,True
AFDF,True,False
Mir Film,True,False
Mountain Movement Story,True,True
Studio Eon,False,True
파인스토리,True,False
Anti-Archive,True,False
Dong-kwang Films,True,False
Smile Ent.,True,False
Studio Flow,False,True
AbemaTV,False,True
Daewon Media,False,True
Woollim,True,False
Zoa Films,True,False
ADV Films,True,False
Jeonju Film Commission,True,False
STUDIO706,True,False
A-1 Pictures,False,True
Wellmade Entertainment,True,False
OCON STUDIOS,True,True
Jang San Got Mae,True,False
KiHweck ShiDae,True,False
Our Joyful Young Days,True,False
Yong Film,True,True
ISU C&E,True,False
Happy End Filmproductions,True,False
Bando Kinema,True,False
Rear Window,True,False
SURPLUS PROJECT,True,False
YouTube Red,False,True
ENA,False,True
필름그리다,False,True
C-STORY,False,True
4.16 세월호 참사 시민기록위원회,True,False
Dae Han Yeon Hap Films,True,False
Harimao Pictures,True,False
Sejong Cultural Production,True,False
A-Po Films,True,False
베러투모로우,True,False
PICORD FILM,True,False
Busan DR,False,True
SnowPiercer,True,False
Jinjin Pictures,True,False
백그림,True,False
Cinema Factory,True,False
Korea Dinosaur Research Center,True,False
Vision Productions Ltd,False,True
U.S. Information Service,True,False
DK E&M,False,True
Ralph Smyth Entertainment,True,False
studio holhori,True,False
Cree Pictures,True,False
T.S. Studio,True,False
Korea Educational Broadcasting System (EBS),True,True
TakToon Enterprise,False,True
Mass Ornament Films,True,False
Hanwha Entertainment Fund No. 1,True,False
Beasts And Natives Alike,True,False
Dong Hyeop Trading Company,True,False
(주)컬처캡코리아,True,False
Samdo Films,True,False
SM Culture & Contents,True,True
YROTS,True,False
Ryozanpaku Entertainment,True,False
BeTV,True,False
Jeong Film,True,False
SHOTCAKE,True,True
Studio TNT,False,True
Mayplus,True,False
Blue Bus Pictures,True,False
"Cinemaseoul Co.,Ltd.",True,False
Sunwoo Entertainment,True,False
Lee Film,True,False
Beijing Film Academy,True,False
Meditation With a Pencil,True,False
Shami Media Group,True,False
Borderless Film,True,True
IOK Media,True,True
Godin Media,False,True
Y2 Cinema,True,False
Mega Monster,False,True
Studio 329,False,True
Mohm Pictures,True,False
China Film Group Corporation,True,False
Filosophia,True,False
Slight Movie Studio,True,False
Lee Yong-min Productions,True,False
Film It Suda,True,False
Jackfilms,True,False
스파이어 (Spire),True,False
Sangeori Pictures,True,False
Bear Entertainment,True,False
DMZ Docs,True,False
Blade Entertainment,False,True
Ssoah Film,True,False
Lion Rock Productions,True,False
Bleeding Brothers,True,False
PH E&M,False,True
Giraffe Slide,True,False
CNK International,False,True
Iron Pack,True,False
Se-kyeong Productions,True,False
Devil Groove Pictures,True,False
Swing Entertainment,True,False
Amber Films,True,True
AStory,True,True
Studio Box,True,False
노바엔터테인먼트,True,False
"Dong Bo Films Co., Ltd",True,False
Golden Network Asia,True,False
Lotte Cinema Arte,True,False
Major Town,True,False
Thymos Media,False,True
Vera Lasut Production,True,False
New Danish Screen,True,False
Boogui Cinema,True,False
Hong-Jong Corporation,True,False
Olive Nine,True,True
Chorokbaem Media,False,True
Simplex Films,True,False
Tube Pictures,True,False
OD ENT,True,False
TS narin cinema,True,False
Celltrion Entertainment,True,True
Filament Pictures,True,False
Sahamongkolfilm,True,False
Saehan Productions,True,False
Pyongyang Film Studios,True,False
Peppermint&company,True,False
Alpha Pictures,True,False
K-STAR,False,True
Choi Brothers Films,True,False
Tori Pictures,True,False
1 Production Film Company,True,False
Cineworld,True,False
Yedang Entertainment,True,False
Production M,True,False
SSFilm,True,False
지담,False,True
서울애니메이션,False,True
C&Film,True,False
Naver TVCast,True,True
Barunson,True,True
미라클필름,True,False
UFO Films,True,False
Legend Pictures,True,False
Dai Won Animation Co. Ltd,True,False
P.U.R.N Production,True,False
시네마루,True,False
Shiseido Co. Ltd.,True,False
KT alpha,True,True
Daegu Media Center,True,False
"Se Kyung Films Co., Ltd",True,False
Jayuro Pictures,True,False
KnJ Entertainment,True,False
Dok-ri Production Company,True,False
Iden Pictures,True,False
"Duson Films Co., Ltd",True,False
Lei Men Enterprises,True,False
Korean Films Co.,True,False
Sony Pictures International Productions,True,False
CMNYX,True,False
ANITOART Inc.,True,False
Visual Walkabout,True,False
Gom Pictures,True,False
Bean Film,True,False
Studio Lico,True,True
iQIYI Pictures,False,True
Spectacular Trading International,True,False
Fontana Productions,True,False
ICONIX Co.Ltd,True,False
Mobetter Film,True,False
INDInational,True,False
두리컴,True,False
영화적순간,True,False
ICE BUTTER,True,False
Les Films de L'Observatoire,True,False
MOTTO,True,False
"Hwa Seong Films Co., Ltd",True,False
AJIP,True,False
Mezzo Media,False,True
Cinergy,True,False
Neungso Film co.,True,False
IB Pictures,True,False
Studio Up,True,False
Bluetree Pictures,True,False
MUTV,True,False
SSD,False,True
P NATION,True,False
Kkuljam Company,True,False
Rubicon Pictures,True,False
Strawberry Tree Pictures,True,False
Korean Film,True,False
Fantagio,True,True
Studio By The Library,True,False
동남아영화공사,True,False
Korea Entertainment,True,False
디시플린,False,True
Kirin Productions,True,True
T2N Media,False,True
IJ Entertainment 02,False,True
Four Seasons of Younghwasa,True,False
Fiction Bank,True,False
스튜디오 홀호리,False,True
Watermelon Pictures,True,False
Object Films,True,False
Grama Filmes,True,False
filmK,True,True
BH Entertainment,True,True
최종수,False,True
MODT Studio,False,True
JYP Entertainment,True,True
Hiharbor Pictures,True,False
Semicolon Studio,True,False
K-Arts,True,False
Jeonwonsa Film,True,False
Studio Take,True,False
Content Zium,True,True
Nabu Films,True,False
Lee Production,True,False
Plus M Entertainment,True,True
Generation Blue Films,True,True
Dong-A Cultural Association,True,False
PSN South Korea,True,False
Gnos,True,False
Contents Panda,True,False
ateod,False,True
Warner Bros. Korea,True,False
Atlas V,True,False
Film New Wave,True,False
Two-eyed Film,True,False
Lotte Cultureworks,False,True
Dingo Studios,False,True
Studio Mir,False,True
Filmark International Ltd,True,False
Daewoo Media & Filmed Entertainment,True,False
Big Wave Entertainment,False,True
배선환,True,False
Logos Film,False,True
Realies Pictures,True,False
"Jeil Films Co., Ltd.",True,False
오피오티픽쳐스,True,False
에스피스,False,True
Studio Gage,True,False
Seoul Animation Center,True,False
YG Studioplex,False,True
Film Nang,True,False
Chungju Film Company,True,False
KADOKAWA,True,False
Stone Comics Entertainment,True,False
TPS Company,True,False
Eun Young Co.,True,False
M-Line,True,False
Studio Gale,False,True
Fox International Productions Korea,True,False
Insight Film,True,True
Chung-Ang University,True,False
Studio Leeha,True,False
Baa-Ram-Ewe,True,False
Merry Christmas,True,True
Landmark Asia Holdings,True,False
iWill Media,False,True
Gyeongseong Studio,True,False
Center for Asian American Media Production,True,False
Sea Star Pictures,True,False
Kim Ki Duk Film,True,False
Doosan Films,True,False
Twinfilm,True,True
Gunpowder & Sky,True,False
Next Scene,False,True
스타포스,False,True
Film Line,True,False
Side Mirror,True,False
Fabian&Fred GmbH,True,False
J Pictures,True,False
Kangho Production,False,True
Popcorn Film,True,False
Chosun Culture and Film Association,True,False
Cinesoul,True,False
ANEW,True,False
Yworks Entertainment,True,True
Rainydays Pictures,True,False
Dae-jin Films,True,False
PROJECT318,False,True
Hyangrinwon,True,False
Brother Pictures,True,False
U.S.I.S.,True,False
Kim Ki-young Production,True,False
Stareast Digital Laboratory,True,False
Hyeon-jin Films,True,False
Mesai,True,False
영화사 장춘,True,False
Siz Entertainment,True,False
Megaphone,True,True
Hong Film,True,False
Seoul Broadcasting System,True,True
Yoon's Color,False,True
Showbox,True,True
RG Animation Studios,True,False
선양흥업주식회사,True,False
Dima Entertainment,True,False
Road Pictures,True,False
오소호필름,True,False
ES Pictures,True,False
TSJ Entertainment,True,False
9Ato Entertainment,False,True
Burning Tree Pictures,True,False
스토리풀,True,False
Studio Anic,False,True
MNET,False,True
"Abraxas Co., Ltd.",True,False
WM Entertainment,True,False
Romero film,True,False
Danacreative,True,False
Frame H Contents Group,True,False
Candle Media,True,False
(합)알지애니메이션스튜디오,True,False
EO Contents,True,False
고집 스튜디오,True,False
Hyeondae Film,True,False
More In Group,True,False
Culture Cap Media,True,False
Daekyung Chemical Co.,True,False
Saram Entertainment,True,True
Groove Corporation,True,False
APPIA STUDIO,True,False
Urim Film Company,True,False
LEESANGWOO FILM,True,False
Poulet-Malassis,True,False
DR,True,False
Cheum Film,True,False
Warner Bros. Japan,True,False
Gil Pictures,False,True
Picasso Films,True,False
Indiestory,True,False
"Dong-A Trading Co.,Ltd.",True,False
Paramount Vantage,True,False
Curtain Call Media,False,True
Golden Bridge Asset Management,True,False
고려영화협회,True,False
203 Project,False,True
Sungbong Film,True,False
목영엘티디,True,False
Jeonju International Film Festival,True,False
Starship Entertainment,True,False
Don Quixote Entertainment,True,False
The Moon C&M,False,True
Team Wang,True,False
Parade Pictures,True,False
gramfilms,True,False
Joy Company inc.,True,False
Wooso Pictures,True,False
SM Entertainment,True,True
Yeonbang Movies,True,False
CalArts,True,False
37th Degree,True,True
exposed film,True,False
Jeong Gi-tag Production,True,False
Sonokong,False,True
무니필름,True,False
Singapore Film Commission,True,False
Seoul Films,True,False
Moonstone Entertainment,True,False
Dae Yang Films,True,False
Contents Village,True,False
CinekiD,True,False
Kookje Daily News,True,False
Cocktail Media,True,False
Starlight Culture Entertainment Group,True,False
Challan Film,True,False
(사)대구국제뮤지컬페스티벌,True,False
Myung Films,True,False
Man of Action Entertainment,False,True
XLPICTURES,False,True
HB Entertainment,True,True
Chung-Ang Univ Animation Lab,True,False
yes h,True,False
MI,False,True
Seyoung Lee Film,True,False
Joyoung Films,True,False
Joseon-yeheungsa,True,False
Jaihong Juhn Film,True,False
Cinemasia,True,False
Toei Company,True,True
SynergySP,False,True
Bridge Production,True,False
Production KEZR,True,True
Vol Media,True,False
Beijing Film,True,False
2X9,True,False
C9 Entertainment,True,False
Story TV,False,True
Koryo kinema,True,False
Haerangsa,True,False
Wys En Scène,True,False
Story Cha,True,False
Playlist Studio,False,True
emart,True,False
Kaidu Club,True,False
Signal Entertainment Group,False,True
KJK Film,True,False
KINEMAFACTORY,True,False
MARO STUDIO,True,False
Hausofteam,True,False
Samboo Finance Entertainment,True,False
CJ 4DFLEX,True,False
Patagonia,True,False
Locus Creative Studios,True,False
MoonWatcher,True,True
Daekyung,True,False
tv chosun,False,True
12 journey,True,False
Page One Film,False,True
Curo Holdings,True,True
Golden Fish Pictures,True,False
KTV,True,False
Film Bongok,True,False
Salpa Films Pvt. Ltd,True,False
Studio dhL,True,False
Panorama Studios,True,False
Dae Han Promotion,True,False
20th Century Fox,True,False
acom,True,False
FNC Entertainment,True,True
Enlightenment Film Association,True,False
National Human Rights Commission of Korea,True,False
OK Records,True,False
Live Nation Korea,True,False
Arizona Films,True,False
Ffango Entertoyment,True,False
Kim Jong-hak Production,False,True
Hanyang Films,True,False
XANADU Entertainment,False,True
Road House,True,False
Mr. Romance,True,True
JDB ENTERTAINMENT,True,False
Park Jong-ho Productions,True,False
Company Sang Sang,True,True
Studio Wavve,True,True
J Team,True,False
3Mana Creative,False,True
Samseong Film,True,False
Kiwi Media Group,True,False
Fineworks,True,False
Yuhan College Animation,True,False
Mystery Friends Studio,True,False
Curious Pictures,True,False
Studio 605,False,True
Siren Pictures,True,True
Muhan Investment,True,False
Aurora Films,True,False
Baekho Films,True,False
EMK,True,False
BakSu Entertainment,True,False
SNL Studios,False,True
Harbin,True,False
Appletree Pictures,False,True
Jidam Inc.,False,True
9taleskorea,True,False
Childhood Productions,True,False
M2,True,False
Malgum Pictures,True,False
4th Creative Party,True,False
NOW OR NEVER,True,False
Art Cinema,True,False
Filma Pictures,True,False
Core Studio,True,False
Sidus,True,True
Pak Bu San,True,False
Cheongryong Production,True,False
WAHO ENTERTAINMENT,True,False
Blockberry Creative,True,True
"Hwa Jin Films Co., Ltd",True,False
Ik Young Films,True,False
Egg is Coming,False,True
UFO Production,False,True
Mystery Pictures,True,False
Aha Productions,True,False
Transparent Arts,True,False
Korea February 8 Film Studio,True,False
MK2 Films,True,False
Bori Pictures,True,False
Mimi World,False,True
EDAM Entertainment,True,False
MOVement,True,False
M&FC,True,False
VON,True,False
Climax Studios,True,True
Sunshine Film,True,False
Yellow Films,False,True
curuki Studio,True,False
Minch&Films,True,False
Neon Productions,True,False
Picsso,True,False
Post Fin,True,False
Kaijyu Theater,True,False
"Style Life Co., Ltd.",True,False
Dream Station,True,False
Humoring The Fates,True,False
Warm Front Film Productions,True,False
Hoonpro,True,False
New Line Cinema,True,False
"Hwa Pung Enterprises Co., Ltd",True,False
PLUSMedia Entertainment,True,True
(주)유비콘텐츠,True,False
Michigan Venture Capital,True,False
Grimae,True,False
The Lot Pictures,True,False
OCN,True,True
Leeyang Film,True,False
Chung Gang Story,True,False
JO Entertainment,True,False
Studio Nominum,True,False
Ozi Film,True,False
Chungeorahm Film,True,False
Nomad Films,True,False
Make Us,False,True
Filmmaker R&K,True,False
SEK Studio,True,False
Cube Entertainment,True,False
The Contents On,True,False
DANEW FILM,True,False
Sae Bit Film Production,True,False
Joseon Kinema Productions,True,False
Each-Other,True,False
Cineline 2,True,False
Hyeobdong-yesuljwa,True,False
Superfiction,True,False
Palette Pictures,True,False
Sam-ho Films,True,False
Timefixer,True,False
Open The Portal,True,False
Woo-jin Films,True,False
Terasource Venture Capital Co. Ltd,True,False
"Seijin Film Co., Ltd.",True,False
Yoon&Company Inc.,False,True
Daeil Film,True,False
Huayi Brothers Pictures,True,False
Film Mania,True,False
Seoul Metropolitan Office of Education,True,False
H Plus Communication,True,False
HwangKiSung Films,True,False
VIVO,True,False
Oscar 10 Studio,True,False
Uisig Films,True,False
메이퀸픽쳐스,False,True
프로덕션M,True,False
영화사 레드카펫,True,False
Rhythm and Blues Film,True,False
Rakueisha,True,False
Dongwoo A&E,False,True
Odoltogi,True,False
Broadway Video,False,True
영화사 일취월장,True,True
Seong Yeon Entertainment,True,False
Social Capital,True,False
Chosun Film Arts Association,True,False
웃음을 주는 영화,True,False
Woo Sung Enterprises,True,False
Union Investment Partners,True,True
Busan MBC,True,False
WiseWolf Co,True,False
BlueStorm,True,False
Bidangil Pictures,True,False
Group Eight,False,True
Storyforest,True,True
Choirock Contents Factory,True,True
Showgate,True,False
MILESTONE COMPANY,True,False
Shin Films,True,False
Aniplex,False,True
Verdi Media,True,True
OAK Films,True,False
Sangnam Film Studio,True,False
세종대학교,True,False
Maybe More That,True,False
(주)케이피에이기획,True,False
S27 Entertainment,True,False
Final Cut for Real,True,False
Han Hyeong-mo Production,True,False
Gyeonggi Film Commission,True,False
Humaniterra Pictures,True,False
SLL,True,True
Rod Pictures,True,False
SNK Pictures,True,False
"Yoo Young Film Co., Ltd.",True,False
"Nam A Enterprises Co., Ltd",True,False
Baby Volcano Films,True,False
M&M International,True,False
CCTV-9,False,True
Dong Ir Movie,True,False
Häivekuva Oy,True,False
Sanai Pictures,True,True
gold taiden Pictures,True,False
Mogabi Pictures,True,False
JC Infinity Co.LTD,True,False
Central Films,True,False
Monster Factory,True,False
Giraffe Pictures,True,False
Seki Trading,True,False
Opus Pictures,True,False
Jin Film,True,False
피타팻스튜디오,False,True
tvN,True,True
Forest Film,True,False
YG Entertainment,True,True
Finecut,True,True
Polaris Production,True,False
Iroom Pictures,True,False
Teddy Roh Productions,True,False
Blaad Studios,True,True
Geukdong Film,True,False
Andergraun Films,True,False
Daydream,True,True
Takeshobo,True,False
Covenant Pictures,False,True
416 Network,True,False
Geumgang kinema,True,False
고래픽처스,False,True
"Hwang Ki Sung Production Co., Ltd",True,False
KwangHwaMoon Cinema,True,False
SonaFilms,True,False
Digital Network Animation,True,False
Nova Film,True,False
A- Jeon- In- Soo,True,False
SK Planet,True,False
Studio Invictus,False,True
Studio S,False,True
Spotlight,True,False
Studio Ho,True,False
Rakuten Viki,True,True
Caper Film,True,False
무서운영화,True,False
Free film company,True,False
NHK,True,False
Nowhere Production,True,False
Moviecam,True,False
UniKorea Pictures,True,False
소금빛미디어(주),False,True
tvN D STUDIO,False,True
A KIMCHI MOVIE PRODUCTION,True,False
Korean Film Archive,True,False
云龙乐天（北京）影视文化传媒有限公司,True,False
Show East,True,False
Cheong Woo Film,True,False
TV Tokyo,False,True
Between the pictures,True,False
Ground Guard Artillery Corps,True,False
Studio Zazac,True,False
Tae Baek Films,True,False
Dreamcatcher Company,True,False
Dreamfact Entertainment,True,False
코너스톤픽쳐스,False,True
Dongnyuk Film,True,False
GNOSIS COMPANY,True,True
모그픽쳐스,True,False
Field of Vision,True,False
D&D Media Do.,True,False
BYUS ENT,True,False
Aura Pictures,True,False
MAGNUM9,True,True
HJ Film,True,False
Studio Santa Claus Entertainment,True,True
Nam Production,True,False
CNC,True,False
HYBE,True,True
Kenaz,False,True
Highconcept Pictures,True,False
Kodansha,True,False
Deok-yeong Films,True,False
Cheong-gu kinema,True,False
Film Momentum,True,False
Camp Entertainment,True,False
Dalpaengee,True,False
Movienet Film Productions,True,False
Lucy Film,True,False
Zürcher Hochschule der Künste ZHdK Departement Darstellende Künste und Film,True,False
OAL,True,False
Trinity Pictures,True,False
(주)마이더스필름,True,False
Zio Entertainment,True,False
Pan Entertainment,False,True
Nogari Film,True,False
ASCENDIO,True,True
Ministry of Science and ICT,True,False
Digipedi,True,False
Flaneur Films,True,False
Culture Depot,False,True
Like Contents,True,False
Film Train,True,False
Kukje Movies,True,False
Dhutayeon,True,False
Seoul Kinosa,True,False
Mnet,False,True
Above the Line Productions,True,False
Film Company YOUN,True,False
Mains Entertainment,True,False
Olive 9,False,True
Nogseong Kinema,True,False
Zonbo Media,True,False
Only One Movie,True,False
Blossom Pictures,True,False
Eun-seong Films,True,False
Dae Dong Enterprises,True,False
Style Chosun,True,False
Jellyfish Entertainment,True,False
Studio Dadashow,True,False
Mindullae Pictures,True,False
Mountain Pictures,True,False
Hyun Jin Films,True,False
Source Music,True,False
KD Media,True,False
Korea Independent Animation Filmakers Association (KIAFA),True,False
Tadoh,True,False
Centurion Investment,True,False
VAST Entertainment,True,False
Koo & Cee Film,True,False
Contents Map,False,True
Westworld Story,False,True
KOEN,False,True
Hongik University,True,False
Dong In Productions,True,False
Stonebridge Capital Inc.,True,True
MyMusicTaste,True,False
Hanjin Enterprises Company,True,False
Mini Film Productions,True,False
Formula Entertainment,True,False
Phobos,True,False
(주)메이크아트,True,False
Cine2000,True,False
Nanna film,True,False
Changgeun Jeon Production,True,False
CGV Arthouse,True,False
Newstapa,True,False
"Kuk Dong Screen Co., Ltd.",True,False
Dreammax,True,False
㈜광대무변,True,False
Intz.com,True,False
Woollim Entertainment,True,True
Pinehouse Film,True,False
양전프로덕션,True,False
Korea National University of Arts,True,False
KINO,True,False
MayQueen Pictures,False,True
LCO,True,False
永康水滴影业有限公司,True,False
에스와이미디어,True,False
Prime Entertainment,True,False
Blue Film Works,True,False
Solar Film Company [kr],True,False
Seorabyol dmz Films,True,False
Interactive Media Mix,False,True
KPJ,False,True
"Pop Entertainment Co., Ltd.",True,False
금강기획,False,True
Polygon Entertainment,True,False
The Pinkfong Company,True,True
Contents Wing,True,False
"Morgard Korea Co., Ltd.",True,False
Shochiku,True,False
Liberty in North Korea,True,False
"Ministry of Culture, Sports and Tourism",True,True
Gyro Studios,True,False
CDM Productions,True,True
October Pictures,True,False
SBS Contents Hub,True,True
K&Entertainment,True,False
Good Movie Company,True,False
Ace Factory,True,True
GYAO,True,False
Tonic Project,True,False
Motion Picture Promotion Company,True,False
tvN D,False,True
Art Hill,True,False
Kino-Eye Films,True,False
October Cinema,True,False
Universal Animation Studios,True,False
Sego Entertainment,True,False
Spotlight Pictures,True,False
Oasis Pictures,False,True
TreeFilm,True,False
Taipei Film Commission,True,False
Ashi Productions,False,True
Bluebird Pictures,True,False
Hap Dong Film,True,False
Film Dorothy,True,True
Studio HIM,True,True
BTV Kaku Children's Satellite TV,True,False
Hollywood Media Bridge,True,False
AD406,True,True
SK Broadband,True,True
Na Ungyu Production,True,False
Milkpictures,True,False
대원동화,True,True
Hwaseong Co.,True,False
시네마허브,True,False
d-rights,False,True
YLAB,False,True
Phước Sang Film,True,False
Sung Il Cinemart,True,False
Samhwa Networks,True,True
Liberty Production (KR),True,False
U-Story9,False,True
Daeyang Movies,True,False
D Station (KR),True,False
RealGoneCinemaTto,True,False
Parts and Labor,True,False
iPictures,True,False
Nerd Joke Film,True,False
Compass Pictures,False,True
Emotion Studio,True,False
Hwacheon Trading,True,False
㈜디엔에이엔터테인먼트,True,False
Marehito Production,True,False
H& Entertainment,True,True
Summer Bus,True,False
Yein E&M,False,True
Biashin Pictures,True,False
TV조선,True,False
StONEwork,True,False
Maro Pictures,True,False
Sunny Entertainment,True,False
Red Nine Pictures,False,True
20th Century Fox Korea,True,False
300 & Co.,True,False
A&D Pictures,True,False
Park Chul-Soo Films Ltd.,True,False
"Pango, Ltd.",True,False
Sidus Animation,True,False
Big Punch Pictures,True,True
"Shin film Co., Ltd.",True,False
W-STORY Channel,False,True
ANDMARQ Studio,True,True
Wonbanggak Production,True,False
Yu Production,True,False
Jellybox,False,True
(주)영화사 가을,True,False
Pung-jeong,True,False
Se-gwang Film,True,False
Moon HWA Production,True,False
PINKS,True,False
Chosun Theater,True,False
Wide Release,True,False
HighZium Studio,True,True
You Cinema,True,False
Base Media Entertainment,True,False
여성영화인모임  중앙대학교 첨단영상대학원,True,False
KBS,True,True
Paperheart,True,False
"Dong Bang Enterprises Co., Ltd",True,False
Bom Film Productions,True,False
YouTube,False,True
LJ Film,True,False
제이앤비필름,True,False
Cheil Worldwide,True,False
Alarm Clock Films,True,False
Korea Copyright Commission,False,True
Sundream Motion Pictures,True,False
YLE,True,False
Core Contents Media,True,False
Dong Seong Films,True,False
Kuwol Dang Planning,True,False
Frakas Productions,True,False
AMG Entertainment,True,False
WEMAD,False,True
Sony Pictures Television Studios,False,True
Cinema Zenith Entertainment,True,False
Spectrum Films,True,False
빛그림픽처스,True,False
In & In Pictures,True,False
Monthly Film,True,False
Cion Pictures,True,False
Damhwa,True,False
OnStyle,False,True
Daeyeong Films,True,False
Beyond J,False,True
"Silver Film Co., Ltd.",True,False
Koen Media Corporation,False,True
Nexon,True,False
Cinema Angel Fund,True,False
Yoo Productions,True,False
Angel Underground,True,False
Directors,True,False
Very Good Studio,True,False
Studio DIA,False,True
Joy Rabbit,True,False
Boku Films,True,False
Kerim Film Society,True,False
PARALLAX Films,True,False
Wonder,True,False
Slingshot Studios,False,True
CS Pictures,True,True
Kyungsung Studio,True,False
K’ARTS Media Contents Center,True,False
THE KLOCKWORX,True,False
디테일스튜디오,False,True
Radio Television Hong Kong,False,True
Indecom Cinema,True,False
Bazooka Studio,False,True
Victory Contents,True,True
Cinema Takju Corp.,True,False
Trans Western Pictures,True,False
Seorabeol Productions,True,False
Mattel Entertainment,True,False
Cine Group,True,False
Duck Duck Goose,True,False
BBC,True,False
Hwarang SPC,False,True
J Communications,True,False
Miyu Productions,True,False
Hwa&Dam Pictures,True,True
Sovik Venture Capital,True,False
Korean Anti-Communist Youth Association,True,False
IFD Films & Arts Company,True,False
NewBoy,False,True
Cine City,True,False
Camp B,True,False
Korean Film Institute,True,False
Gazi Contents,False,True
KT&G Sangsangmadang,True,False
Rascal Entertainment,True,False
Kang Je-gyu Films,True,False
Ewha Film Production,True,False
Construction film company,True,False
Dong-hyeob Films,True,False
Good Player,True,False
Mizi Film,True,False
Avex Trax,True,False
CL Entertainment,True,False
ICONIX,True,True
Film Studio Gap (KR),True,False
IDIOPLAN,True,False
Korea Creative Content Agency,True,False
SRE,True,False
Viki,False,True
EchoFilm,True,False
Dreaming Oasis,True,False
HIGROUND,True,True
MK Pictures,True,False
Happinet Pictures,True,False
AIASPLUS,True,False
Seoul Film Commission,True,False
Hansol Venture Capital,True,False
Korea Film Association,True,False
CrazyBird Studio,True,False
KT Studio Genie,False,True
Docustory,True,False
Zip Cinema,True,False
Sane Company,True,False
Put Your HANDSOME,False,True
ANNEX Telecom,False,True
Seotaiji Company,True,False
Tube Entertainment,True,False
Base Story,False,True
Koo & Film,True,False
Dae Dong Films,True,False
라드필름,False,True
BM CULTURES,True,False
씨네앱스,True,False
Good Movie,True,False
SM Life Design Group,False,True
SBS Plus,False,True
Hyanglinwon,True,False
Unification Church,True,False
Backroads Pictures,True,False
Gyerim Film Company,True,False
Studio Icon,False,True
MBN,False,True
Korea Investment Partners,True,False
Mirae Asset Capital,True,False
Den Vestdanske Filmpulje,True,False
Studio Genius Woojeung,True,False
Sponge,True,False
Sun Production,True,False
RADiUS-TWC,True,False
The Unicorn,False,True
Ivanhoe Pictures,True,False
SOO NOT SUE studio,True,True
Bridge,False,True
Joong Ang Kinema Co.,True,False
FABULOUS,True,False
TV 2,True,False
Studio Nurimbo,True,False
Basara Pictures,True,False
Korean Film Council,True,False
플랫폼픽쳐스,True,False
GM Agency,False,True
ARTE France Cinéma,True,False
스튜디오 양귀비,False,True
동성제작소,True,False
Lionsgate Home Entertainment,True,False
Bae Yong-kyun Productions,True,False
Plain Archive,True,False
Synergy Media,False,True
Soojak Film,True,False
Lithium Studios,True,False
Baram Pictures,True,True
KNN,True,False
아일랜드픽처스㈜,True,False
Les Films de L'Etranger,True,False
Viktorija Film,True,False
CJ Cultural Foundation,True,False
RetroBot,True,False
(주)엔트리미디어,True,False
Kishin Yanghaeng Film Production Department,True,False
Froniter Works Comic,True,False
Merrycow,False,True
뭉클픽쳐스,True,False
Chosun District Film Department,True,False
Zininsa Film Production,True,True
Cheong Ku Films,True,False
"Koryo Films Co., Ltd",True,False
Dream Perfect Regime,True,False
Han Heung Film,True,False
72 Seconds,True,False
Seezn,True,True
INDELINE,True,False
The Eastern Sea Movie Company Limited,True,False
My Way Film Company,True,False
Green Fish Pictures,True,False
Go Go Studio,True,False
New Crayon Entertainment,True,False
Perspective Pictures,True,False
선우엔터테인먼트,True,False
"Bigson entertainment Co., Ltd.",True,False
(주)씨맥스커뮤니케이션즈,True,False
Lee Gyu-hwan Production,True,False
Storyteller Pictures,True,False
Jungang Movies,True,False
Movierock,True,True
Method Animation,False,True
동우 A&E,False,True
Hah Myung Joong Film,True,False
The Great Show,False,True
Jung Ang Culture Films,True,False
TUBAn,False,True
Bae Pictures,True,False
(주)케이알씨지,True,False
Capgen Investment Group,True,False
watcha,True,True
Gold Medalist,False,True
Korean Literature Films,True,False
J.One Film,True,False
Character Plan,True,False
Sang Sang Film,True,True
Dong-A Il'bo,True,False
DSP Media,False,True
Pyongyang Kinema,True,False
Redrover,True,False
Boda Media Group,True,False
.,False,True
Olympic Broadcasting Services,True,False
COOKIE PICTURES,True,False
Uno Film,True,False
Annapurna Films,True,True
Dream Cinema,True,False
Future Artists Entertainment,True,False
UM Productions,True,False
Pancinema,True,False
Gorilla 8 Productions,True,False
SBS Independent,True,False
(주)희원엔터테인먼트,True,False
모티브랩,True,False
CJ Entertainment,True,True
Jeong Kil-Chae Productions,True,False
Studio Hook,True,False
Anyang dmz Art Project 2010,True,False
Seoul Independent Film Festival,True,False
미디어캔,False,True
Keum Kang Kinema Co.,True,False
마고21,False,True
First Look Media,True,False
Samuel Goldwyn Films,True,False
KBS N,False,True
Korean Academy of Film Arts,True,False
Dexter Pictures,True,False
Columbia Pictures,True,False
Shinwon Production,True,False
Little Big Pictures,True,False
Keuk Dong Screen,True,False
Dream Search Contents and Company co.Ltd,True,False
Anares,True,False
Jupiter Film,True,False
Yangtze Productions Limited,True,False
China Film Co-Production Corporation,True,False
Damso Film,True,False
Arc Media,False,True
RG Prince Films,True,False
East Film,True,False
HIGHQUALITYFISH,True,False
CJ ENM,True,True
Fine Story,True,False
Dumul Pictures,True,False
The Dream & Pictures,True,False
House in Seoul,True,False
Tooniverse,True,True
UBU Film,True,False
사과나무픽쳐스,False,True
51k,True,False
Fox International Productions,True,False
프릭쇼,True,False
이홍재 필름,True,False
Four Seasons Productions,True,False
펀펀한영화사,True,False
Mongnan Pideo,True,False
K-Dragon,True,True
Wellmade Starm,True,False
DASHY FILMS,True,False
Dream Engine Studio,True,False
Dongwon Entertainment,True,False
PF Entertainment,False,True
(주)영화사가을,True,False
Bombaram Film,True,False
iNew Company,True,False
Audioworks Producers Group,True,False
민족문제연구소,True,False
Fiveday,True,False
Film Monster,True,True
21 Century Shengkai Film,True,False
Samsung Electronics,True,False
Indiecom,True,False
가지컨텐츠,False,True
타임스토리그룹,True,False
AMUSE,True,False
Mattel,True,False
빅씨이벤트,True,False
Korea Development,True,False
News World Communications,True,False
Cineport,True,False
CJeS Studios,True,True
Recorded Picture Company,True,False
Cinedigm,True,False
Daeyoung Film,True,False
Hanmaek Movies,True,False
송지나,False,True
문성동화,False,True
WAW Pictures,True,False
Takgu Film,True,False
Lu Film,True,False
Beauvoir Films,True,False
Wire to Wire Film,True,False
JS Pictures,False,True
Eun-yeong Co.,True,False
Mumyeong Film Institute,True,False
Hardcut,False,True
Pink Robot Film,True,False
Key Plus Pictures,True,False
Dijital Sanatlar,True,False
IST Entertainment,True,False
East Gate Company,True,False
BULITTFILM,True,False
Ex-kinema,True,False
Hyundai Card,True,False
WithUs Films,True,False
Daelim Films,True,False
Pandora Film,True,False
Mofac,True,False
Eight Works,False,True
Younggu-Art Movies,True,False
EO Contents Group,False,True
Toseonghoe,True,False
청강문화산업대학교,True,False
Tencent,False,True
Art Wing,True,False
Ohspring Film,True,False
Hyungseul Networks,True,False
Jin Pictures,True,False
CJ ENM Studios,True,True
Number 3 Pictures,True,True
BUM 영화제작소,True,False
Studio Shelter,False,True
Warner Bros. Pictures,True,False
SSAnimnet Inc.,True,False
One Way Productions,True,False
Silver Spoon,True,False
MBC,True,True
Venture Life Co.LTD,True,False
Det Danske Filminstitut,True,False
Oh-seong Films,True,False
Kyeong Sung Studio,True,False
Luz y Sonidos,True,False
Busan Film Commission,True,False
浙江天意影视有限公司,False,True
The Secret Garden,True,False
Silkwood,False,True
"Chaiyo Productions Co., Ltd.",True,False
(주)레드언더미디어,True,False
HANAFILMS,True,False
Asso Asia Films,True,False
Well Go USA Entertainment,True,False
STRONGBERRY,True,True
Serendipity Films,True,False
Soandbrad,True,False
Galleon Entertainment,True,False
Kick the Machine,True,False
"Windwellers Films Co., Ltd.",True,False
KQ Entertainment,True,False
Art Film History,True,False
CreativeEAST,True,False
chinese tv,False,True
Content K,True,True
"Dong Yang Films Co., Ltd",True,False
Wildholic,True,False
Zèro,True,False
코라필름,True,False
The Foul King 2000,True,False
Canal+,True,False
씨네힐,True,False
Motis Productions,True,False
SHINCOM Entertainment,True,False
와이낫필름,True,False
Cowell Investment Capital Co.,True,False
White Lee Entertainment,True,False
Whale Films,True,False
Mapofilm,True,False
AXN Korea,False,True
Ozone Film,True,False
CAC Entertainment,True,False
302 Planet,True,False
Samgeori Pictures,True,False
Mocushura,True,False
Jeon Cine,True,False
Zagtoon,False,True
W-Pictures,True,False
(주)파란프로덕션,True,False
스페이스코리아,False,True
Seasonal Film Corporation,True,False
Gummy Film,True,False
Zorba Production,True,False
Big Hit Entertainment,True,False
DOO ENTERTAINMENT COMPANY,True,False
MBC PLUS,False,True
Mondo TV,True,False
Kross Pictures,True,True
Enlightenment Culture Association,True,False
"Hwang Ki Sung Films Co., Ltd",True,False
Big Picture,True,False
Athletic Film,True,False
See At Film,True,True
Milk Pictures,True,False
DR Movie,False,True
People Story Company,False,True
"Dansung Cinema Co., Ltd.",True,False
Asia Culture Center,True,False
A-seong Kinema,True,False
JK Film,True,False
E-dehi Animation Studio,True,False
Taeyang Films,True,False
Young Jin Creative,True,False
The Handsome,False,True
Lee Keong Son Production,True,False
Project Boo,True,False
Value Players (KR),True,False
Pan Film,True,False
지오필름,True,False
Vandertastic Films,True,False
Simple Pictures,True,False
New World,True,False
HAJUNSA,True,False
Film Run,True,False
Vive Studios,False,True
Fortune Star Films Co. (H.K.),True,False
Urban Works Entertainment,False,True
Gulliver Pictures (kr),True,False
Gyeong-son Lee Productions,True,False
The French Connection,True,False
BANDAL Doc.,True,False
Kidari ENT,True,False
Clarendon Work Films,True,False
Imagine Asia,False,True
Dolby,True,False
Indieplug,True,False
JOY N CINEMA,True,False
Hidden Sequence,False,True
Loen Entertainment,False,True
Wonsanman Production,True,False
Destination Films,True,False
We Pictures,True,False
Anyang Films,True,False
ANYDOKO Studios,True,False
Fine Communications,True,False
DK Film Production,True,False
131online,True,False
cinemacircle,True,False
LEE'z Film,False,True
Cinezoo,True,False
Ho Film,True,False
Korea Art Films,True,False
Egg Film,True,False
단테미디어랩,True,False
Golden Tide Pictures,True,False
Liveworks Company,True,False
Junglim ENC,True,False
깜보스튜디오,True,False
Off The Record Entertainment,True,False
伊犁首影文化传媒有限公司,True,False
Diaphana Films,True,False
NESTLE,True,False
Shin Seung-soo Productions,True,False
Oh-hyang Films,True,False
환타지엔터테인먼트,True,False
Goryeo Film Company,True,False
GoyA,True,False
Kabjong Film,True,False
Hansung Films,True,False
Yong-Sung Cinecom,True,False
UAA Films,False,True
Twon Media,False,True
Soo Film,True,True
iFilm,True,False
Shinheung Productions,True,False
M-Line Distribution,True,False
Silk Road,True,False
KBS Media,True,True
"Sam Young Films Co., Ltd",True,False
Golden Story Pictures,True,False
Hwapung Films,True,False
Studio M,False,True
Seoseon Kinema,True,False
Story Empathy,True,False
Seo Se-won Productions,True,False
Apollo Pictures,False,True
Geugdong kinemasa,True,False
Story & Pictures Media,False,True
ANDu Entertainment,True,True
Hyo Seong Films Co.,True,False
Sungwon I Com,True,False
BeLief,True,False
United Pictures,True,False
World Health Organization,True,False
Golden Thumb Pictures,False,True
한맥문화,True,False
Hangil Production,True,False
Ghostpictures,True,False
Library Pictures International,True,False
DramaHouse,True,True
유비네트워크,True,False
Naver Webtoon,True,False
Azit Film,True,False
Forged Films,True,False
Storm Pictures Korea,True,False
Lian Contents,False,True
Lee Ki-jin Media,False,True
Hello I Am Newtopia,False,True
KEYEAST,True,True
Shinhan Production,True,False
Dae Yeong Production,True,False
Zanybros,True,True
Twin Plus Partners,True,False
Crank-Up Film,True,False
Cine Factory,True,False
Studio Dream Capture,True,False
Children Playing Around the Fire Pot,True,False
Saerom Entertainment,True,False
Blue Plan'It,True,True
Dadong Cinema,True,False
Shin Cine Communications,True,False
Shin Han Films,True,False
26 Company,True,False
Epiphany Film,True,False
주식회사 플릭스코,True,False
Injeong Cinema,True,False
Morning Calm Entertainment Group Inc.,True,False
"Buk Sam Industrial Films Co., Ltd",True,False
Production H,False,True
IDOLROMANCE,False,True
GREEN NARAE MEDIA,True,False
Keuk Dong Entertainment,True,False
STUDIO BONANZA,True,False
Vanguard Studio,True,False
Dolphiners Film,True,False
Sega Sammy Entertainment,True,False
JCONCOMPANY,True,False
"Hap Dong Films Co., Ltd",True,False
Good Choice Cut Pictures,True,False
RadicalMedia,True,False
VOOZ,False,True
B&C CONTENT,True,False
OLM,True,False
Chung Gi Tak Production,True,False
Junes Entertainment,True,False
Gwangju MBC,True,False
The Daesung Group,True,False
Democratic People's Redmz of Korea,True,False
Studio Pivote,True,False
The Wave E&m,True,False
"Seoul National University, South Korea",True,False
Samhyung Entertainment (KR),True,False
미스터해피픽쳐스,True,False
Yuehua Entertainment,False,True
STORYPOOL,True,False
Achim Pictures,True,False
DGC,True,False
MKIM & CO,True,False
iVision Entertainment,True,False
Vill Lee Film,True,False
Binge Works,False,True
BARIM,True,False
Saehan Film Co.,True,False
Oscilloscope,True,False
영화사 명랑성,True,False
Mindmark,True,False
Dong A Films,True,False
Doo Sung Cinema,True,False
Door E&M,True,False
Sony Pictures Entertainment Korea,True,False
Bon Factory,False,True
오에이치스토리,False,True
Olive Studio,True,False
Cine Joo,True,False
Knowledge & Creation Ventures,True,False
Eagle Pictures,True,False
Boston Investments,True,False
Hong Seong-Ki Production,True,False
MereCinema,True,False
Big Ocean ENM,False,True
Shamon Freitas and Company,True,False
Kortop Media,True,False
Metropolitan Films International,True,False
Musa Productions,True,False
Ken-On,True,False
INDIE SPACE,True,False
Bl!nk,False,True
Samsung Entertainment,True,True
Dong-a Export,True,False
Iconix Entertainment,False,True
Les films du Worso,True,False
The Sam Company,True,False
Tongyeong Samkwang Film Company,True,False
Mog Interative,True,False
Production SAKO,True,False
Applause Pictures,True,False
JWELL Entertainment,True,False
Arirang TV,True,False
㈜안다미로,True,False
nextory,True,False
HY Films,True,False
KS2 Productions,False,True
Happy Movies,False,True
Gyro Pictures,True,False
Dasepo Club,True,False
BaekDu-DaeGan Flims,True,False
The Korea Times,True,False
Goldstar Films [kr],True,False
Film JoseE,True,False
Nam-a Pictures,True,False
Aram Pictures Inc.,True,False
RMJC,True,False
How Pictures,False,True
Dark Circle Pictures,True,True
Motif Pictures,True,False
Cinemacat Pictures,True,False
Saehan Industries,True,False
Women in Film Korea,True,False
SCHILDER|mayr,True,False
Digital Nega,True,False
Jumbo Film,False,True
Screen 21,True,False
M Pictures,True,False
MediaNamu Inc.,True,False
Kakao Entertainment,True,True
Hwang Gi-Seong Division,True,False
Cookie Jar Entertainment,False,True
Bluestone Entertainment,True,False
(주)라인필름,True,False
Triple Pictures,True,True
MBC C&I,False,True
eye m,True,False
Mog Pictures (KR),True,False
Goindol,True,False
Prince,True,False
CAT&Docs,True,False
Fís Éireann/Screen Ireland,True,False
Prain Global,True,False
Masulpiri Films,True,False
늘푸른시네마,True,False
Trophy Entertainment,True,False
Kinema Seoul,True,False
Geugdan Sinmudae,True,False
국방TV,False,True
npio Entertainment,False,True
Korea tv,False,True
Star Max,True,False
H house,False,True
Film Workshop,True,False
Griffith University,True,False
Hanmac Films,True,False
"Doc Air Co., Ltd",True,False
M-Venture Investment,True,False
Shoreline Entertainment,True,False
Chez Wam,False,True
영화사 연필,True,False
Dae Han Film,True,False
"Dae Young Films Co., Ltd",True,False
Broedmachine,True,False
Myung Bo Film Co.,True,False
GnG Production,False,True
MCMC,True,False
HBT,True,False
Tiger Studio,True,True
ExitFactory,True,False
Big Stone Pictures,True,False
On The Road,True,False
9ers Entertainment,True,False
Jininsa Films,True,False
Human Nature,False,True
Atnine Film,True,False
Bae Chang-ho Production,True,False
BY4M Studio,True,False
Jeju Film Commission,True,False
Danseongsa,True,False
REALTHING,False,True
Gemstone Pictures,True,False
(주)샤이커뮤니케이션즈,True,False
Inchang Film,True,False
99film,True,False
The Tower Pictures,True,False
Relay Film,True,False
Studio DUMA,True,False
Hwarang Film Company,True,False
NBCUniversal,False,True
Bamboo Network,False,True
Docu-Factory Vista,True,False
Stillking Films,True,False
에이원 미디어,True,False
Suh Se-Won Production Co. Ltd.,True,False
Chosun Kinema,True,False
KT,True,False
Doosaboo Film,True,False
Metro-Goldwyn-Mayer,True,False
Film 295,True,False
Argus Film,True,False
ONF | NFB,True,False
Daegu Film Studio,True,False
Chosun Film Company,True,False
GTist,False,True
Studio Bazooka,True,True
Dream Movie Entertainment Ltd.,False,True
Zuzac,True,False
Airing TV,False,True
K.B.S. Productions Inc.,False,True
Tiger Cinema,True,False
Artist Company,True,True
webdramaBOX,False,True
The Whale Company,True,False
Namyang Planning,True,False
JOA-film,True,False
Contents Wavve,True,True
JP E&M,False,True
G21M,True,False
스튜디오 605,False,True
Jowoo Entertainment,True,False
Freecom,True,False
Lewis Pictures,True,False
Unity Broadcasting Network (UBN),True,False
파이오니아21,True,False
Firstman Studio,False,True
inolmedia,True,False
Dongyang Productions,True,False
Ecole nationale supérieure des Arts Décoratifs,True,False
GlowFly Pictures,True,True
Let Studio,True,False
Oriental Talkie Studio,True,False
Apeitda,True,False
Stone Sound Works,True,False
Sindbad Production,True,False
JAYE ENTERTAINMENT,False,True
Momentum Entertainment,True,False
Han-Hong Movies,True,False
Chun-il Productions,True,False
Zak Productions,False,True
IM Pictures,True,False
CN Entertainment Ltd.,True,False
Finite Films and TV,True,False
Creative 0,True,False
Calvin Klein Project,True,False
Anthology Studios,True,True
NAVER,True,True
Free Will Company,False,True
Show Runners,False,True
Soran Playment,True,False
VOO,True,False
씨네넷,True,False
Vantage Holdings,True,False
Kim Taekyun Production,True,False
AVANT-GARDE FILM,True,False
여성영상집단 반이다,True,False
Mitte des Lebens,True,False
Hazz,False,True
1012 Studio,False,True
Red Dog Culture House,True,False
Banzakbanzak Film Production,True,False
Samyoung Film,True,False
ARTE,True,False
SK Telecom,True,False
Cowell,True,False
Five Star Production,True,False
walkhousecompany,True,False
SMARTSTUDY,True,False
One Take Film,True,False
RBW Inc.,True,False
N7 Film,True,False
Orange Sky Golden Harvest,True,False
Best Entertainment AG,True,False
Seoul Donghwa,True,False
Kukje Film,True,False
SBS Productions,True,False
LANCOME,True,False
Flying Tiger Pictures,True,False
(주)룬컴퍼니,True,False
Young Venture Cinema,True,False
JUNE Film,True,False
Cubros,True,False
Digiview Entertainment,True,False
PLOT,True,False
Dream Venture Capital,True,False
TV Asahi,True,False
스마일컨텐츠,True,False
KRCG,True,False
Studio N,True,True
Zero Nine Entertainment,True,False
Daeseong Films,True,False
Sio Film,True,False
Bound Entertainment,False,True
Goldmoon Film,True,False
Chowon Film,True,False
"Ashubia Animaton Productions Co., Ltd.",True,False
Blitzway Studios,False,True
Shakabuku Films,True,False
Alfred Image Works,True,False
GE Production,True,False
Hanrim Films,True,False
넥스트 유나이티드,True,False
Fortissimo Films,True,False
Amazon Studios,False,True
Everybody Movies,True,False
Aim High Pictures,True,False
연아영화공사,True,False
Sensitive Bear,True,False
Jung Ji-woo Film,True,False
SBS,False,True
Happy Together Pictures,True,False
Jo-in Entertainment,True,False
Japari Film,True,False
Vox3 Films,True,False
Perfect Storm Film,True,True
Woosang Pictures,True,True
SOIL FILM,True,False
나이테일즈 코리아,True,False
Sidus FNH-Benex Cinema Fund 1,True,False
Daewon Productions,True,True
Will Entertainment,True,True
Donga Cultural Society,True,False
영화사 만화경,True,False
Park Kwang-su Film,True,False
"Tae Yang Films Co., Ltd",True,False
Fun and Happiness Film,True,False
(주)굿스토리,False,True
Seesaw Pictures,True,False
Bazelevs Production,True,False
SAMG Animation,True,False
KT Capital Corporation,True,False
Beijing Sky Wheel Media,True,False
Tokyo University of the Arts,True,False
ABC Studios,False,True
kth,True,False
Eun-Suk Film,True,False
Chosun Film Works,True,False
STUDIO101,True,False
닷 팩토리,True,False
Korean Academy of Animation Art,True,False
Yeongnam Film Company,True,False
Rune Company [kr],True,False
Geo Entertainment,True,False
Lotte Entertainment,True,True
Sway Entertainment,True,False
Woori Investment Co.,True,True
M & R Films,True,False
JTBC,True,True
HAK Production,True,False
Myung Films Lab,True,False
Gala Enterprises,True,False
Doolynara,True,False
Se Kyung Enterprises Inc.,True,False
Nickelodeon Animation Studio,False,True
Daejo Film Company,True,False
필름소년,True,False
Raemongraein,False,True
Funcreative,True,False
cinegut,True,False
Basic Pictures,True,False
Iljin Production,True,False
Studio Nameless,True,False
super action,False,True
Cinesopa,True,False
Bangkok Film Studio,True,False
Hoga Entertainment Signal Pictures,False,True
Good Pictures,True,False
NHN Bugs,False,True
Barunson E&A,True,True
Yushin Kinema,True,False
WIL Productions,True,False
Sol Entertainment (KR),True,False
Neo Entertainment,False,True
Pareto Works,True,False
D.seeD,True,False
Oh!Boy Project,False,True
"Asea Films Co., Ltd",True,False
STUDIO X+U,False,True
Picturesque,False,True
Eye Entertainment,True,False
Saehan Films,True,False
Dan-sung Cinema,True,False
RedPeter Film,True,True
Nongbu Film,True,False
cpbc,True,False
Monster Union,True,True
Raging Bull Productions,True,False
Blossom Story,False,True
Avex Entertainment,True,False
Mercury Rising Films,True,False
Continent-Kinema,True,False
Seoul Film Collective,True,False
스토리퐁,True,False
Cinus Entertainment,True,False
Oriental film company [kr],True,False
"Woo Sung Entertainment, Inc.",True,False
Dongyang Production,True,False
PTS,True,False
Hanlip Industrial,True,False
The Walt Disney Company Korea,True,False
Guilin,True,False
Mirovision,True,False
Nicetop Independent Ltd,True,False
Central Kinemasa,True,False
CJ CGV,True,False
Fingerprint Pictures,True,False
Filmy Wiktora,True,False
Australian Film Television and Radio School,True,False
Hanyoung Culture & Technology,True,False
ROSETTA CINEMA,True,False
Division of Film Productions of the Korean Workers' Party,True,False
SRS Cinema,True,False
Korea Pictures,True,False
LAFTEL,False,True
Shin Brothers Motion Picture Company,True,False
Kim Young-Sun Production,True,False
Cine21,True,False
헬로콘텐츠,False,True
Studio Phoenix,False,True
Film Company RAM,True,False
Hive Media Corp,True,True
AsianCrush,True,False
Beyond Live,True,False
Haegrimm Pictures,True,False
Mays Entertainment,True,True
佛山珈宸影视文化有限公司,True,False
Miin Pictures,True,False
North by Northwest Entertainment,True,False
Pioneer 21,True,False
Third World Newsreel,True,False
Smiley Face,True,False
Zhonggao Haoyisi (Beijing) Film and Culture Development Co.,True,False
"Asia Films Co., Ltd.",True,False
TOHO,True,False
(주)유비컬쳐,True,True
SCS Entertainment,True,False
about Film,True,False
Cinema Dal,True,False
Invent Stone,True,False
Dongguk University Graduate School of Video Video Culture Contents Research Institute,True,False
Kimjaehoon Campany,True,False
Sacrebleu Productions,True,False
Green Tree Pictures,True,False
Storyset,True,False
Supermoon Pictures,False,True
ABO Entertainment,True,False
Daisy Entertainment,True,False
BITCH PICTURES,True,False
Cineclick Asia,True,False
Baeknam Yoon Production,True,False
Daekwang Film History,True,False
영화사 연두,True,False
Mirospace,True,False
Fuji Television Network,True,True
Zen Pictures,True,False
Voice Factory,True,False
Studio Coming Soon,False,True
ATO,True,False
Kookmin Venture Capital,True,False
Bada Entertainment,True,False
Olive,False,True
Gloria Films,True,False
Studio Animal,True,True
iLoveCinema,True,False
Zealarabi Pictures,True,False
Paranoi Future Cinema Lab,True,False
이안픽처스,True,False
Mano Entertainment,True,False
